Time [s],SW,BUZ
0.000000000,1,0
2.781900938,0,0
2.781905688,1,0
2.781905812,0,0
2.781906625,1,0
2.781920937,0,0
2.781960188,1,0
2.781960875,0,0
2.782161312,0,1
2.783162813,0,0
2.784162500,0,1
2.785164062,0,0
2.786163750,0,1
2.787165250,0,0
2.788165000,0,1
2.789166500,0,0
2.790166250,0,1
2.791167750,0,0
2.792167437,0,1
2.793169000,0,0
2.794168688,0,1
2.795170250,0,0
2.796169938,0,1
2.797171437,0,0
2.798171187,0,1
2.799172688,0,0
2.800172375,0,1
2.801173938,0,0
2.802173625,0,1
2.803175187,0,0
2.804174875,0,1
2.805176375,0,0
2.806176125,0,1
2.807177625,0,0
2.808177375,0,1
2.809178875,0,0
2.810178562,0,1
2.811180125,0,0
2.812179813,0,1
2.813181375,0,0
2.814181062,0,1
2.815182562,0,0
2.816182313,0,1
2.817183813,0,0
2.818183500,0,1
2.819185062,0,0
2.820184750,0,1
2.821186313,0,0
2.822186000,0,1
2.823187562,0,0
2.824187250,0,1
2.825188875,0,0
2.826188500,0,1
2.827190000,0,0
2.828189688,0,1
2.829191250,0,0
2.830190937,0,1
2.831192500,0,0
2.832192188,0,1
2.833193688,0,0
2.834193438,0,1
2.835194937,0,0
2.836194625,0,1
2.837196188,0,0
2.838195875,0,1
2.839197438,0,0
2.840197125,0,1
2.841198687,0,0
2.842198375,0,1
2.843199875,0,0
2.844199625,0,1
2.845201187,0,0
2.846200812,0,1
2.847202375,0,0
2.848202062,0,1
2.849203625,0,0
2.850203313,0,1
2.851204812,0,0
2.852204562,0,1
2.853206062,0,0
2.854205750,0,1
2.855207313,0,0
2.856207000,0,1
2.857208562,0,0
2.858208250,0,1
2.859209750,0,0
2.860209500,0,1
2.861211000,0,0
2.862210750,0,1
2.863212250,0,0
2.864211937,0,1
2.865213500,0,0
2.866213188,0,1
2.867214688,0,0
2.868214437,0,1
2.869215937,0,0
2.870215688,0,1
2.871217188,0,0
2.872216875,0,1
2.873218437,0,0
2.874218125,0,1
2.875219688,0,0
2.876219375,0,1
2.877220875,0,0
2.878220625,0,1
2.879222125,0,0
2.880221875,0,1
2.881223375,0,0
2.912235000,1,0
2.912515125,1,1
2.912716750,1,0
2.914516375,1,1
2.914717937,1,0
2.916517625,1,1
2.916719188,1,0
2.918518812,1,1
2.918720438,1,0
2.920520063,1,1
2.920721687,1,0
2.922521312,1,1
2.922722875,1,0
2.924522562,1,1
2.924724125,1,0
2.926523813,1,1
2.926725375,1,0
2.928525000,1,1
2.928726625,1,0
2.930526250,1,1
2.930727875,1,0
2.932527500,1,1
2.932729062,1,0
2.934528750,1,1
2.934730313,1,0
2.936529938,1,1
2.936731562,1,0
2.938531188,1,1
2.938732813,1,0
2.940532437,1,1
2.940734000,1,0
2.942533688,1,1
2.942735250,1,0
2.944534937,1,1
2.944736500,1,0
2.946536125,1,1
2.946737750,1,0
2.948537375,1,1
2.948739000,1,0
2.950538625,1,1
2.950740188,1,0
2.952539875,1,1
2.952741437,1,0
2.954541063,1,1
2.954742688,1,0
2.956542312,1,1
2.956743938,1,0
2.958543563,1,1
2.958745187,1,0
2.960544812,1,1
2.960746375,1,0
2.962546062,1,1
2.962747625,1,0
2.964547250,1,1
2.964748875,1,0
2.966548500,1,1
2.966750063,1,0
2.968549750,1,1
2.968751312,1,0
2.970551000,1,1
2.970752562,1,0
2.972552187,1,1
2.972753813,1,0
2.974553438,1,1
2.974755062,1,0
2.976554688,1,1
2.976756250,1,0
2.978555937,1,1
2.978757500,1,0
2.980557188,1,1
2.980758750,1,0
2.982558375,1,1
2.982760000,1,0
2.984559625,1,1
2.984761250,1,0
2.986560875,1,1
2.986762437,1,0
2.988562125,1,1
2.988763688,1,0
2.990563312,1,1
2.990764937,1,0
2.992564563,1,1
2.992766188,1,0
2.994565812,1,1
2.994767375,1,0
2.996567063,1,1
2.996768625,1,0
2.998568313,1,1
2.998769875,1,0
3.000569500,1,1
3.000771125,1,0
3.002570750,1,1
3.002772375,1,0
3.004572000,1,1
3.004773563,1,0
3.006573250,1,1
3.006774812,1,0
3.008574438,1,1
3.008776062,1,0
3.010575687,1,1
3.010777313,1,0
8.131047125,0,0
8.131356500,0,1
8.131758062,0,0
8.133357750,0,1
8.133759313,0,0
8.135359000,0,1
8.135760500,0,0
8.137360250,0,1
8.137761750,0,0
8.139361437,0,1
8.139763000,0,0
8.141362687,0,1
8.141764250,0,0
8.143363938,0,1
8.143765500,0,0
8.145365187,0,1
8.145766750,0,0
8.147366375,0,1
8.147767937,0,0
8.149367625,0,1
8.149769188,0,0
8.151368875,0,1
8.151770437,0,0
8.153370125,0,1
8.153771688,0,0
8.155371375,0,1
8.155772875,0,0
8.157372563,0,1
8.157774125,0,0
8.159373813,0,1
8.159775375,0,0
8.161375062,0,1
8.161776625,0,0
8.163376313,0,1
8.163777875,0,0
8.165377500,0,1
8.165779063,0,0
8.167378750,0,1
8.167780375,0,0
8.169380000,0,1
8.169781563,0,0
8.171381250,0,1
8.171782813,0,0
8.173382500,0,1
8.173784000,0,0
8.175383688,0,1
8.175785250,0,0
8.177384937,0,1
8.177786500,0,0
8.179386188,0,1
8.179787750,0,0
8.181387437,0,1
8.181789000,0,0
8.183388625,0,1
8.183790187,0,0
8.185389875,0,1
8.185791438,0,0
8.187391125,0,1
8.187792687,0,0
8.189392375,0,1
8.189793937,0,0
8.191393625,0,1
8.191795188,0,0
8.193394812,0,1
8.193796375,0,0
8.195396063,0,1
8.195797625,0,0
8.197397312,0,1
8.197798875,0,0
8.199398563,0,1
8.199800125,0,0
8.201399750,0,1
8.201801312,0,0
8.203401000,0,1
8.203802562,0,0
8.205402250,0,1
8.205803812,0,0
8.207403500,0,1
8.207805063,0,0
8.209404750,0,1
8.209806312,0,0
8.210525000,1,0
8.211405938,1,1
8.211807563,1,0
8.213407187,1,1
8.213808750,1,0
8.215408438,1,1
8.215810000,1,0
8.217409688,1,1
8.217811250,1,0
8.219410875,1,1
8.219812500,1,0
8.221412125,1,1
8.221813750,1,0
8.223413375,1,1
8.223814937,1,0
8.225414625,1,1
8.225816187,1,0
8.227415875,1,1
8.227817438,1,0
8.229417062,1,1
8.229818687,1,0
9.650303687,0,0
9.650642438,0,1
9.651244000,0,0
9.652643687,0,1
9.653245187,0,0
9.654644875,0,1
9.655246438,0,0
9.656646125,0,1
9.657247687,0,0
9.658647375,0,1
9.659248937,0,0
9.660648625,0,1
9.661250125,0,0
9.662649812,0,1
9.663251375,0,0
9.664651063,0,1
9.665252625,0,0
9.666652313,0,1
9.667253875,0,0
9.668653562,0,1
9.669255062,0,0
9.670654813,0,1
9.671256313,0,0
9.672656000,0,1
9.673257562,0,0
9.674657250,0,1
9.675258812,0,0
9.676658500,0,1
9.677260063,0,0
9.678659750,0,1
9.679261250,0,0
9.680660938,0,1
9.681262500,0,0
9.682662188,0,1
9.683263750,0,0
9.684663437,0,1
9.685265000,0,0
9.686664688,0,1
9.687266250,0,0
9.688665937,0,1
9.689267437,0,0
9.690667125,0,1
9.691268687,0,0
9.692668375,0,1
9.693269938,0,0
9.694669625,0,1
9.695271187,0,0
9.696670875,0,1
9.697272438,0,0
9.698672063,0,1
9.699273750,0,0
9.700673312,0,1
9.701274875,0,0
9.702674563,0,1
9.703276125,0,0
9.704675812,0,1
9.705277312,0,0
9.706677063,0,1
9.707278625,0,0
9.708678250,0,1
9.709279813,0,0
9.710679500,0,1
9.711281062,0,0
9.712680750,0,1
9.713282313,0,0
9.714682000,0,1
9.715283500,0,0
9.716683187,0,1
9.717284750,0,0
9.718684438,0,1
9.719286000,0,0
9.720685687,0,1
9.721287250,0,0
9.722686938,0,1
9.723288438,0,0
9.724688125,0,1
9.725289688,0,0
9.726689375,0,1
9.727290937,0,0
9.728690625,0,1
9.729292188,0,0
9.730691875,0,1
9.731293437,0,0
9.732693125,0,1
9.733294625,0,0
9.734694313,0,1
9.735295875,0,0
9.736695562,0,1
9.737297125,0,0
9.738696813,0,1
9.739298375,0,0
9.740698062,0,1
9.741299563,0,0
9.742699250,0,1
9.743300812,0,0
9.744700500,0,1
9.745302063,0,0
9.746701750,0,1
9.747303312,0,0
9.748703000,0,1
9.749304563,0,0
9.808436000,1,0
11.091920250,0,0
11.092288312,0,1
11.093089875,0,0
11.094289563,0,1
11.095091125,0,0
11.096290812,0,1
11.097092312,0,0
11.098292063,0,1
11.099093563,0,0
11.100293250,0,1
11.101094812,0,0
11.102294500,0,1
11.103096063,0,0
11.104295750,0,1
11.105097250,0,0
11.106297000,0,1
11.107098500,0,0
11.108298188,0,1
11.109099750,0,0
11.110299438,0,1
11.111101000,0,0
11.112300687,0,1
11.113102250,0,0
11.114301938,0,1
11.115103438,0,0
11.116303187,0,1
11.117104687,0,0
11.118304375,0,1
11.119105938,0,0
11.120305625,0,1
11.121107187,0,0
11.122306875,0,1
11.123108437,0,0
11.124308125,0,1
11.125109625,0,0
11.126309313,0,1
11.127110875,0,0
11.128310562,0,1
11.129112125,0,0
11.130311813,0,1
11.131113375,0,0
11.132313062,0,1
11.133114562,0,0
11.134314313,0,1
11.135115813,0,0
11.136315500,0,1
11.137117062,0,0
11.138316750,0,1
11.139118313,0,0
11.140318000,0,1
11.141119500,0,0
11.142319250,0,1
11.143120750,0,0
11.144320437,0,1
11.145122000,0,0
11.146321688,0,1
11.147123250,0,0
11.148322937,0,1
11.149124437,0,0
11.150324188,0,1
11.151125688,0,0
11.152325438,0,1
11.153126937,0,0
11.154326625,0,1
11.155128188,0,0
11.156327875,0,1
11.157129438,0,0
11.158329125,0,1
11.159130750,0,0
11.160330375,0,1
11.161131875,0,0
11.162331563,0,1
11.163133125,0,0
11.164332812,0,1
11.165134375,0,0
11.166334063,0,1
11.167135625,0,0
11.168335313,0,1
11.169136750,0,0
11.170336562,0,1
11.171138063,0,0
11.172337750,0,1
11.173139313,0,0
11.174339000,0,1
11.175140562,0,0
11.176340250,0,1
11.177141813,0,0
11.178341500,0,1
11.179143000,0,0
11.180342687,0,1
11.181144250,0,0
11.182343938,0,1
11.183145500,0,0
11.184345187,0,1
11.185146750,0,0
11.186346437,0,1
11.187147938,0,0
11.188347688,0,1
11.189149187,0,0
11.190348875,0,1
11.191150437,0,0
11.344208062,1,0
12.170345625,0,0
12.170743000,0,1
12.171744563,0,0
12.172744250,0,1
12.173745750,0,0
12.174745500,0,1
12.175747000,0,0
12.176746750,0,1
12.177748250,0,0
12.178747938,0,1
12.179749500,0,0
12.180749188,0,1
12.181750750,0,0
12.182750437,0,1
12.183751938,0,0
12.184751688,0,1
12.185753187,0,0
12.186752937,0,1
12.187754438,0,0
12.188754125,0,1
12.189755687,0,0
12.190755375,0,1
12.191756937,0,0
12.192756625,0,1
12.193758125,0,0
12.194757875,0,1
12.195759375,0,0
12.196759062,0,1
12.197760625,0,0
12.198760312,0,1
12.199761937,0,0
12.200761563,0,1
12.201763062,0,0
12.202762812,0,1
12.203764313,0,0
12.204764063,0,1
12.205765562,0,0
12.206765250,0,1
12.207766812,0,0
12.208766500,0,1
12.209768125,0,0
12.210767750,0,1
12.211769250,0,0
12.212769000,0,1
12.213770500,0,0
12.214770187,0,1
12.215771750,0,0
12.216771438,0,1
12.217773000,0,0
12.218772687,0,1
12.219774250,0,0
12.220773938,0,1
12.221775437,0,0
12.222775187,0,1
12.223776687,0,0
12.224776375,0,1
12.225777938,0,0
12.226777625,0,1
12.227779187,0,0
12.228778875,0,1
12.229780375,0,0
12.230780125,0,1
12.231781625,0,0
12.232781312,0,1
12.233782875,0,0
12.234782562,0,1
12.235784125,0,0
12.236783813,0,1
12.237785312,0,0
12.238785062,0,1
12.239786563,0,0
12.240786312,0,1
12.241787813,0,0
12.242787500,0,1
12.243789062,0,0
12.244788750,0,1
12.245790313,0,0
12.246790000,0,1
12.247791500,0,0
12.248791250,0,1
12.249792750,0,0
12.250792437,0,1
12.251794000,0,0
12.252793688,0,1
12.253795250,0,0
12.254794937,0,1
12.255796438,0,0
12.256796188,0,1
12.257797688,0,0
12.258797438,0,1
12.259798937,0,0
12.260798625,0,1
12.261800188,0,0
12.262799875,0,1
12.263801375,0,0
12.264801125,0,1
12.265802625,0,0
12.266802375,0,1
12.267803875,0,0
12.268803563,0,1
12.269805125,0,0
13.042472250,1,0
13.775606375,0,0
13.776031812,0,1
13.777233312,0,0
13.778033000,0,1
13.779234562,0,0
13.780034250,0,1
13.781235750,0,0
13.782035500,0,1
13.783237000,0,0
13.784036750,0,1
13.785238250,0,0
13.786038000,0,1
13.787239500,0,0
13.788039188,0,1
13.789240750,0,0
13.790040438,0,1
13.791241938,0,0
13.792041687,0,1
13.793243187,0,0
13.794042938,0,1
13.795244437,0,0
13.796044125,0,1
13.797245688,0,0
13.798045375,0,1
13.799246875,0,0
13.800046625,0,1
13.801248125,0,0
13.802047875,0,1
13.803249375,0,0
13.804049125,0,1
13.805250625,0,0
13.806050313,0,1
13.807251875,0,0
13.808051562,0,1
13.809253125,0,0
13.810052813,0,1
13.811254312,0,0
13.812054062,0,1
13.813255563,0,0
13.814055250,0,1
13.815256812,0,0
13.816056500,0,1
13.817258000,0,0
13.818057750,0,1
13.819259250,0,0
13.820059000,0,1
13.821260500,0,0
13.822060250,0,1
13.823261750,0,0
13.824061437,0,1
13.825262937,0,0
13.826062688,0,1
13.827264188,0,0
13.828063937,0,1
13.829265438,0,0
13.830065188,0,1
13.831266687,0,0
13.832066375,0,1
13.833267938,0,0
13.834067625,0,1
13.835269125,0,0
13.836068875,0,1
13.837270375,0,0
13.838070125,0,1
13.839271625,0,0
13.840071312,0,1
13.841272875,0,0
13.842072563,0,1
13.843274125,0,0
13.844073812,0,1
13.845275375,0,0
13.846075063,0,1
13.847276562,0,0
13.848076312,0,1
13.849277813,0,0
13.850077500,0,1
13.851279062,0,0
13.852078750,0,1
13.853280250,0,0
13.854080000,0,1
13.855281500,0,0
13.856081250,0,1
13.857282750,0,0
13.858082438,0,1
13.859284000,0,0
13.860083687,0,1
13.861285250,0,0
13.862084938,0,1
13.863286437,0,0
13.864086187,0,1
13.865287688,0,0
13.866087437,0,1
13.867288937,0,0
13.868088625,0,1
13.869290125,0,0
13.870089875,0,1
13.871291375,0,0
13.872091125,0,1
13.873292625,0,0
13.874092375,0,1
13.875293875,0,0
14.444620813,1,0
14.444620937,0,0
14.445074312,0,1
14.446265500,1,1
14.446475875,1,0
14.447075563,1,1
14.448477125,1,0
14.449076812,1,1
14.450478375,1,0
14.451078063,1,1
14.452479563,1,0
14.453079312,1,1
14.454480812,1,0
14.455080500,1,1
14.456482062,1,0
14.457081750,1,1
14.458483313,1,0
14.459083000,1,1
14.460484500,1,0
14.461084250,1,1
14.462485750,1,0
14.463085438,1,1
14.464487000,1,0
14.465086687,1,1
14.466488187,1,0
14.467087938,1,1
14.468489438,1,0
14.469089187,1,1
14.470490687,1,0
14.471090437,1,1
14.472491937,1,0
14.473091625,1,1
14.474493188,1,0
14.475092875,1,1
14.476494437,1,0
14.477094125,1,1
14.478495625,1,0
14.479095375,1,1
14.480496813,1,0
14.481096562,1,1
14.482498125,1,0
14.483097813,1,1
14.484499375,1,0
14.485099062,1,1
14.486500625,1,0
14.487100313,1,1
14.488501812,1,0
14.489101563,1,1
14.490503063,1,0
14.491102750,1,1
14.492504312,1,0
14.493104000,1,1
14.494505563,1,0
14.495105250,1,1
14.496506750,1,0
14.497106500,1,1
14.498508000,1,0
14.499107688,1,1
14.500509250,1,0
14.501108937,1,1
14.502510500,1,0
14.503110188,1,1
14.504511688,1,0
14.505111438,1,1
14.506512938,1,0
14.507112687,1,1
14.508514187,1,0
14.509113875,1,1
14.510515438,1,0
14.511115125,1,1
14.512516687,1,0
14.513116375,1,1
14.514517875,1,0
14.515117625,1,1
14.516519125,1,0
14.517118812,1,1
14.518520375,1,0
14.519120063,1,1
14.520521625,1,0
14.521121313,1,1
14.522522813,1,0
14.523122562,1,1
14.524524062,1,0
14.525123813,1,1
14.526525313,1,0
14.527125000,1,1
14.528526562,1,0
14.529126250,1,1
14.530527813,1,0
14.531127500,1,1
14.532529000,1,0
14.533128750,1,1
14.534530250,1,0
14.535129938,1,1
14.536531500,1,0
14.537131187,1,1
14.538532750,1,0
14.539132437,1,1
14.540533937,1,0
14.541133688,1,1
14.542535188,1,0
14.543134937,1,1
14.544536437,1,0
15.628975250,0,0
15.629064250,1,0
15.629064375,0,0
15.629064562,1,0
15.629064625,0,0
15.629532000,0,1
15.631133500,0,0
15.631533250,0,1
15.633134750,0,0
15.633534437,0,1
15.635136000,0,0
15.635535687,0,1
15.637137188,0,0
15.637536938,0,1
15.639138437,0,0
15.639538187,0,1
15.641139688,0,0
15.641539437,0,1
15.643140875,0,0
15.643540625,0,1
15.645142125,0,0
15.645541875,0,1
15.647143375,0,0
15.647543125,0,1
15.649144625,0,0
15.649544375,0,1
15.651145875,0,0
15.651545563,0,1
15.653147000,0,0
15.653546813,0,1
15.655148312,0,0
15.655548062,0,1
15.657149563,0,0
15.657549313,0,1
15.659150813,0,0
15.659550562,0,1
15.661152062,0,0
15.661551750,0,1
15.663153250,0,0
15.663553000,0,1
15.665154500,0,0
15.665554250,0,1
15.667155750,0,0
15.667555500,0,1
15.669157000,0,0
15.669556688,0,1
15.671158187,0,0
15.671557937,0,1
15.673159563,0,0
15.673559188,0,1
15.675160688,0,0
15.675560437,0,1
15.677161937,0,0
15.677561688,0,1
15.679163125,0,0
15.679562875,0,1
15.681164375,0,0
15.681564125,0,1
15.683165625,0,0
15.683565375,0,1
15.685166875,0,0
15.685566625,0,1
15.687168125,0,0
15.687567812,0,1
15.689169313,0,0
15.689569063,0,1
15.691170562,0,0
15.691570312,0,1
15.693171812,0,0
15.693571563,0,1
15.695173063,0,0
15.695572813,0,1
15.697174250,0,0
15.697574000,0,1
15.699175500,0,0
15.699575250,0,1
15.701176750,0,0
15.701576500,0,1
15.703178000,0,0
15.703577750,0,1
15.705179250,0,0
15.705578938,0,1
15.707180437,0,0
15.707580187,0,1
15.709181687,0,0
15.709581438,0,1
15.711182938,0,0
15.711582687,0,1
15.713184187,0,0
15.713583937,0,1
15.715185375,0,0
15.715585125,0,1
15.717186625,0,0
15.717586375,0,1
15.719187875,0,0
15.719587625,0,1
15.721189125,0,0
15.721588875,0,1
15.723190375,0,0
15.723590062,0,1
15.725191625,0,0
15.725591313,0,1
15.727192813,0,0
15.727592562,0,1
15.729194062,0,0
17.211549625,1,0
17.211549750,0,0
17.211726750,1,0
17.211726813,0,0
17.211999062,1,0
17.211999250,0,0
17.212160937,0,1
17.212395063,1,1
17.212395125,0,1
17.212477125,1,1
17.213171312,0,1
17.213410625,1,1
17.214090875,0,1
17.214184813,1,1
17.214185063,0,1
17.214398000,1,1
17.214398375,0,1
17.214655125,1,1
17.214655312,0,1
17.214753812,1,1
17.214754125,0,1
17.214754187,1,1
17.214776938,0,1
17.214890625,1,1
17.214890687,0,1
17.214914312,1,1
17.214914500,0,1
17.214945500,1,1
17.214945625,0,1
17.214951938,1,1
17.214952000,0,1
17.215048500,1,1
17.215048625,0,1
17.215053937,1,1
17.215054438,0,1
17.215127313,1,1
17.215139687,0,1
17.215173187,1,1
17.215173625,0,1
17.215178875,1,1
17.215179000,0,1
17.215181937,1,1
17.215182250,0,1
17.215182937,1,1
17.215183000,0,1
17.215187625,1,1
17.215187813,0,1
17.215197375,0,0
17.215230812,1,0
17.215230937,0,0
17.215239625,1,0
17.215239812,0,0
17.215247563,1,0
17.215247625,0,0
17.215257250,1,0
17.215257500,0,0
17.215275188,1,0
17.215275375,0,0
17.215292000,1,0
17.215292125,0,0
17.215342187,1,0
17.215342500,0,0
17.215348250,1,0
17.215348313,0,0
17.215368438,1,0
17.215368500,0,0
17.215436687,1,0
17.215436750,0,0
17.215488750,1,0
17.215526625,0,0
17.215570000,1,0
17.216203187,1,1
17.217404750,1,0
17.218204437,1,1
17.219406000,1,0
17.220205687,1,1
17.221407250,1,0
17.222206938,1,1
17.223408438,1,0
17.224208125,1,1
17.225409688,1,0
17.226209375,1,1
17.227410938,1,0
17.228210625,1,1
17.229412187,1,0
17.230211875,1,1
17.231413375,1,0
17.232213125,1,1
17.233414625,1,0
17.234214313,1,1
17.235415875,1,0
17.236215562,1,1
17.237417125,1,0
17.238216812,1,1
17.239418375,1,0
17.240218062,1,1
17.241419625,1,0
17.242219250,1,1
17.243420812,1,0
17.244220500,1,1
17.245422063,1,0
17.246221750,1,1
17.247423313,1,0
17.248223000,1,1
17.249424500,1,0
17.250224250,1,1
17.251425750,1,0
17.252225438,1,1
17.253427000,1,0
17.254226688,1,1
17.255428250,1,0
17.256227938,1,1
17.257429500,1,0
17.258229187,1,1
17.259430688,1,0
17.260230375,1,1
17.261431875,1,0
17.262231625,1,1
17.263433125,1,0
17.264232875,1,1
17.265434438,1,0
17.266234125,1,1
17.267435625,1,0
17.268235375,1,1
17.269436875,1,0
17.270236562,1,1
17.271438125,1,0
17.272237812,1,1
17.273439375,1,0
17.274239063,1,1
17.275440625,1,0
17.276240313,1,1
17.277441813,1,0
17.278241500,1,1
17.279443063,1,0
17.280242750,1,1
17.281444312,1,0
17.282244000,1,1
17.283445375,1,0
17.283445500,1,1
17.283445625,1,0
17.284245250,1,1
17.285446750,1,0
17.286246500,1,1
17.287448000,1,0
17.288247688,1,1
17.289449250,1,0
17.290248937,1,1
17.291450437,1,0
17.292250187,1,1
17.293451750,1,0
17.294251438,1,1
17.295452937,1,0
17.296252625,1,1
17.297454188,1,0
17.298253875,1,1
17.299455438,1,0
17.300255125,1,1
17.301456687,1,0
17.302256375,1,1
17.303457937,1,0
17.304257625,1,1
17.305459125,1,0
17.306258813,1,1
17.307460375,1,0
17.308260063,1,1
17.309461625,1,0
17.310261312,1,1
17.311462813,1,0
18.074180875,0,0
18.074758312,0,1
18.076159812,0,0
18.076759563,0,1
18.078161063,0,0
18.078760750,0,1
18.080162250,0,0
18.080762000,0,1
18.082163500,0,0
18.082763250,0,1
18.084164750,0,0
18.084764500,0,1
18.086166000,0,0
18.086765688,0,1
18.088167250,0,0
18.088766938,0,1
18.090168438,0,0
18.090768188,0,1
18.092169688,0,0
18.092769437,0,1
18.094171000,0,0
18.094770687,0,1
18.096172187,0,0
18.096771875,0,1
18.098173438,0,0
18.098773125,0,1
18.100174625,0,0
18.100774375,0,1
18.102175875,0,0
18.102775625,0,1
18.104177125,0,0
18.104776812,0,1
18.106178375,0,0
18.106778062,0,1
18.108179562,0,0
18.108779313,0,1
18.110180813,0,0
18.110780563,0,1
18.112182063,0,0
18.112781812,0,1
18.114183312,0,0
18.114783000,0,1
18.116184500,0,0
18.116784250,0,1
18.118185750,0,0
18.118785500,0,1
18.120187000,0,0
18.120786750,0,1
18.122188188,0,0
18.122787938,0,1
18.124189500,0,0
18.124789187,0,1
18.126190687,0,0
18.126790437,0,1
18.128191937,0,0
18.128791688,0,1
18.130193188,0,0
18.130792938,0,1
18.132194438,0,0
18.132794125,0,1
18.134195625,0,0
18.134795375,0,1
18.136196875,0,0
18.136796625,0,1
18.138198125,0,0
18.138797875,0,1
18.140199375,0,0
18.140799063,0,1
18.142200625,0,0
18.142800313,0,1
18.144201813,0,0
18.144801562,0,1
18.146203062,0,0
18.146802812,0,1
18.148204312,0,0
18.148804000,0,1
18.150205562,0,0
18.150805250,0,1
18.152206750,0,0
18.152806500,0,1
18.154208000,0,0
18.154807750,0,1
18.156209250,0,0
18.156809000,0,1
18.158210500,0,0
18.158810187,0,1
18.160211687,0,0
18.160811438,0,1
18.162212938,0,0
18.162812688,0,1
18.164214188,0,0
18.164813937,0,1
18.166215438,0,0
18.166815125,0,1
18.168216625,0,0
18.168816375,0,1
18.170217875,0,0
18.170817625,0,1
18.172219125,0,0
18.172818875,0,1
18.174220375,0,0
18.956465563,1,0
19.779609312,0,0
19.779615000,1,0
19.779615500,0,0
19.780216062,0,1
19.781817562,0,0
19.782217312,0,1
19.783818813,0,0
19.784218563,0,1
19.785820063,0,0
19.786219813,0,1
19.787821313,0,0
19.788221000,0,1
19.789822500,0,0
19.790222250,0,1
19.791823750,0,0
19.792223500,0,1
19.793825000,0,0
19.794224750,0,1
19.795826250,0,0
19.796225938,0,1
19.797827438,0,0
19.798227188,0,1
19.799828687,0,0
19.800228437,0,1
19.801829937,0,0
19.802229687,0,1
19.803831187,0,0
19.804230938,0,1
19.805832438,0,0
19.806232125,0,1
19.807833625,0,0
19.808233375,0,1
19.809834875,0,0
19.810234625,0,1
19.811836125,0,0
19.812235875,0,1
19.813837375,0,0
19.814237062,0,1
19.815838563,0,0
19.816238313,0,1
19.817839813,0,0
19.818239563,0,1
19.819841063,0,0
19.820240812,0,1
19.821842312,0,0
19.822242062,0,1
19.823843562,0,0
19.824243250,0,1
19.825844750,0,0
19.826244500,0,1
19.827846000,0,0
19.828245750,0,1
19.829847250,0,0
19.830247000,0,1
19.831848437,0,0
19.832248188,0,1
19.833849687,0,0
19.834249437,0,1
19.835850937,0,0
19.836250688,0,1
19.837852188,0,0
19.838251938,0,1
19.839853438,0,0
19.840253188,0,1
19.841854625,0,0
19.842254375,0,1
19.843855875,0,0
19.844255625,0,1
19.845857125,0,0
19.846256875,0,1
19.847858375,0,0
19.848258125,0,1
19.849859625,0,0
19.850259313,0,1
19.851860813,0,0
19.852260562,0,1
19.853862062,0,0
19.854261813,0,1
19.855863312,0,0
19.856263062,0,1
19.857864563,0,0
19.858264313,0,1
19.859865750,0,0
19.860265500,0,1
19.861867000,0,0
19.862266750,0,1
19.863868250,0,0
19.864268000,0,1
19.865869500,0,0
19.866269250,0,1
19.867870750,0,0
19.868270438,0,1
19.869871938,0,0
19.870271688,0,1
19.871873188,0,0
19.872272938,0,1
19.873874437,0,0
19.874274187,0,1
19.875875687,0,0
19.876275438,0,1
19.877876875,0,0
19.878276625,0,1
19.879878125,0,0
20.488726875,1,0
21.338061500,0,0
21.338697562,0,1
21.340499063,0,0
21.340698813,0,1
21.342500250,0,0
21.342700000,0,1
21.344501500,0,0
21.344701250,0,1
21.346502750,0,0
21.346702500,0,1
21.348504000,0,0
21.348703750,0,1
21.350505188,0,0
21.350704938,0,1
21.352506438,0,0
21.352706188,0,1
21.354507687,0,0
21.354707438,0,1
21.356508937,0,0
21.356708687,0,1
21.358510187,0,0
21.358709937,0,1
21.360511375,0,0
21.360711125,0,1
21.362512625,0,0
21.362712375,0,1
21.364513875,0,0
21.364713625,0,1
21.366515125,0,0
21.366714875,0,1
21.368516375,0,0
21.368716062,0,1
21.370517563,0,0
21.370717312,0,1
21.372518813,0,0
21.372718563,0,1
21.374520063,0,0
21.374719813,0,1
21.376521312,0,0
21.376721062,0,1
21.378522500,0,0
21.378722250,0,1
21.380523750,0,0
21.380723500,0,1
21.382525000,0,0
21.382724750,0,1
21.384526250,0,0
21.384726000,0,1
21.386527437,0,0
21.386727188,0,1
21.388528687,0,0
21.388728437,0,1
21.390529937,0,0
21.390729687,0,1
21.392531188,0,0
21.392730938,0,1
21.394532438,0,0
21.394732188,0,1
21.396533625,0,0
21.396733375,0,1
21.398534875,0,0
21.398734625,0,1
21.400536125,0,0
21.400735875,0,1
21.402537375,0,0
21.402737125,0,1
21.404538563,0,0
21.404738313,0,1
21.406539813,0,0
21.406739563,0,1
21.408541062,0,0
21.408740812,0,1
21.410542312,0,0
21.410742062,0,1
21.412543563,0,0
21.412743313,0,1
21.414544750,0,0
21.414744500,0,1
21.416546000,0,0
21.416745750,0,1
21.418547250,0,0
21.418747000,0,1
21.420548500,0,0
21.420748250,0,1
21.422549687,0,0
21.422749437,0,1
21.424550938,0,0
21.424750688,0,1
21.426552188,0,0
21.426751938,0,1
21.428553437,0,0
21.428753187,0,1
21.430554625,0,0
21.430754437,0,1
21.432555875,0,0
21.432755625,0,1
21.434557125,0,0
21.434756875,0,1
21.436558375,0,0
21.436758125,0,1
22.025847688,1,1
22.724763563,0,1
23.504782875,1,1
23.504783000,0,1
23.505678000,0,0
23.506493313,1,0
23.506503188,0,0
23.507274187,1,0
23.507483250,1,1
23.507884813,1,0
23.509484437,1,1
23.509886063,1,0
23.511485687,1,1
23.511887250,1,0
23.513486938,1,1
23.513888500,1,0
23.515488188,1,1
23.515889750,1,0
23.517489375,1,1
23.517891000,1,0
23.519490625,1,1
23.519892188,1,0
23.521491875,1,1
23.521893438,1,0
23.523493125,1,1
23.523894688,1,0
23.525494375,1,1
23.525895875,1,0
23.527495563,1,1
23.527897125,1,0
23.529496812,1,1
23.529898375,1,0
23.531498062,1,1
23.531899625,1,0
23.533499312,1,1
23.533900875,1,0
23.535500500,1,1
23.535902125,1,0
23.537501750,1,1
23.537903312,1,0
23.539503000,1,1
23.539904562,1,0
23.541504250,1,1
23.541905813,1,0
23.543505500,1,1
23.543907063,1,0
23.545506688,1,1
23.545908312,1,0
23.547507938,1,1
23.547909500,1,0
23.549509187,1,1
23.549910750,1,0
23.551510437,1,1
23.551912000,1,0
23.553511625,1,1
23.553913188,1,0
23.555512875,1,1
23.555914500,1,0
23.557514125,1,1
23.557915687,1,0
23.559515375,1,1
23.559916937,1,0
23.561516625,1,1
23.561918188,1,0
23.563517812,1,1
23.563919375,1,0
23.565519063,1,1
23.565920625,1,0
23.567520313,1,1
23.567921875,1,0
23.569521563,1,1
23.569923125,1,0
23.571522750,1,1
23.571924375,1,0
23.573524000,1,1
23.573925563,1,0
23.575525250,1,1
23.575926813,1,0
23.577526500,1,1
23.577928062,1,0
23.579527750,1,1
23.579929312,1,0
23.581528937,1,1
23.581930500,1,0
23.583530187,1,1
23.583931750,1,0
23.585531437,1,1
23.585933000,1,0
23.587532688,1,1
23.587934250,1,0
23.589533875,1,1
23.589935500,1,0
23.591535125,1,1
23.591936687,1,0
23.593536375,1,1
23.593937938,1,0
23.595537625,1,1
23.595939188,1,0
23.597538875,1,1
23.597940438,1,0
23.599540063,1,1
23.599941625,1,0
23.601541313,1,1
23.601942875,1,0
23.603542562,1,1
23.603944125,1,0
24.515370125,0,0
24.516098187,0,1
24.516699750,0,0
24.518099437,0,1
24.518701000,0,0
24.520100688,0,1
24.520702250,0,0
24.522101938,0,1
24.522703437,0,0
24.524103187,0,1
24.524704688,0,0
24.526104375,0,1
24.526705938,0,0
24.528105625,0,1
24.528707188,0,0
24.530106875,0,1
24.530708438,0,0
24.532108125,0,1
24.532709625,0,0
24.534109313,0,1
24.534710875,0,0
24.536110562,0,1
24.536712125,0,0
24.538111812,0,1
24.538713375,0,0
24.540113063,0,1
24.540714625,0,0
24.542114313,0,1
24.542715812,0,0
24.544115500,0,1
24.544717062,0,0
24.546116750,0,1
24.546718313,0,0
24.548118000,0,1
24.548719563,0,0
24.550119250,0,1
24.550720750,0,0
24.552120438,0,1
24.552722000,0,0
24.554121688,0,1
24.554723250,0,0
24.556122937,0,1
24.556724500,0,0
24.558124187,0,1
24.558725688,0,0
24.560125438,0,1
24.560726938,0,0
24.562126625,0,1
24.562728187,0,0
24.564127875,0,1
24.564729437,0,0
24.566129125,0,1
24.566730688,0,0
24.568130375,0,1
24.568731875,0,0
24.570131562,0,1
24.570733125,0,0
24.572132813,0,1
24.572734375,0,0
24.574134063,0,1
24.574735625,0,0
24.576135312,0,1
24.576736875,0,0
24.578136562,0,1
24.578738063,0,0
24.580137750,0,1
24.580739313,0,0
24.582139000,0,1
24.582740562,0,0
24.584140250,0,1
24.584741812,0,0
24.586141500,0,1
24.586743000,0,0
24.588142687,0,1
24.588744250,0,0
24.590143937,0,1
24.590745500,0,0
24.592145188,0,1
24.592746750,0,0
24.594146438,0,1
24.594747937,0,0
24.596147688,0,1
24.596749187,0,0
24.598148875,0,1
24.598750438,0,0
24.600150125,0,1
24.600751688,0,0
24.602151375,0,1
24.602752938,0,0
24.604152625,0,1
24.604754125,0,0
24.606153813,0,1
24.606755375,0,0
24.608155062,0,1
24.608756625,0,0
24.610156312,0,1
24.610757875,0,0
24.612157562,0,1
24.612759063,0,0
24.614158750,0,1
24.614760312,0,0
25.247021500,1,0
25.248252250,1,1
25.248868625,0,1
25.249053813,0,0
25.249221688,1,0
25.250259375,1,1
25.251260937,1,0
25.252260625,1,1
25.253262187,1,0
25.254261875,1,1
25.255263437,1,0
25.256263125,1,1
25.257264688,1,0
25.258264375,1,1
25.259265938,1,0
25.260265562,1,1
25.261267125,1,0
25.262266812,1,1
25.263268375,1,0
25.264268063,1,1
25.265269500,1,0
25.266269313,1,1
25.267270813,1,0
25.268270500,1,1
25.269272063,1,0
25.270271750,1,1
25.271273312,1,0
25.272273000,1,1
25.273274562,1,0
25.274274250,1,1
25.275275812,1,0
25.276275500,1,1
25.277277063,1,0
25.278276688,1,1
25.279278250,1,0
25.280277937,1,1
25.281279500,1,0
25.282279187,1,1
25.283280750,1,0
25.284280438,1,1
25.285281937,1,0
25.286281625,1,1
25.287283188,1,0
25.288282875,1,1
25.289284438,1,0
25.290284125,1,1
25.291285688,1,0
25.292285375,1,1
25.293286937,1,0
25.294286625,1,1
25.295288125,1,0
25.296287813,1,1
25.297289375,1,0
25.298289063,1,1
25.299290625,1,0
25.300290312,1,1
25.301291875,1,0
25.302291562,1,1
25.303293062,1,0
25.304292750,1,1
25.305294312,1,0
25.306294000,1,1
25.307295562,1,0
25.308295250,1,1
25.309296813,1,0
25.310296500,1,1
25.311298063,1,0
25.312297750,1,1
25.313299250,1,0
25.314298937,1,1
25.315300500,1,0
25.316300188,1,1
25.317301750,1,0
25.318301438,1,1
25.319303000,1,0
25.320302687,1,1
25.321304188,1,0
25.322303875,1,1
25.323305438,1,0
25.324305125,1,1
25.325306687,1,0
25.326306375,1,1
25.327307937,1,0
25.328307625,1,1
25.329309125,1,0
25.330308875,1,1
25.331310375,1,0
25.332310062,1,1
25.333311625,1,0
25.334311312,1,1
25.335312875,1,0
25.336312563,1,1
25.337314125,1,0
25.338313813,1,1
25.339315312,1,0
25.340315000,1,1
25.341316563,1,0
25.342316250,1,1
25.343317813,1,0
25.344317500,1,1
25.345319062,1,0
25.346318750,1,1
25.347320312,1,0
27.265898625,0,0
27.266713875,0,1
27.267915375,0,0
27.268715125,0,1
27.269916625,0,0
27.270716375,0,1
27.271917875,0,0
27.272717562,0,1
27.273919125,0,0
27.274718813,0,1
27.275920375,0,0
27.276720063,0,1
27.277921563,0,0
27.278721313,0,1
27.279922813,0,0
27.280722562,0,1
27.281924062,0,0
27.282723750,0,1
27.283925312,0,0
27.284725000,0,1
27.285926500,0,0
27.286726250,0,1
27.287927813,0,0
27.288727500,0,1
27.289929000,0,0
27.290728687,0,1
27.291930250,0,0
27.292729937,0,1
27.293931500,0,0
27.294731187,0,1
27.295932687,0,0
27.296732438,0,1
27.297933938,0,0
27.298733688,0,1
27.299935188,0,0
27.300734875,0,1
27.301936438,0,0
27.302736125,0,1
27.303937625,0,0
27.304737375,0,1
27.305938875,0,0
27.306738625,0,1
27.307940125,0,0
27.308739813,0,1
27.309941375,0,0
27.310741062,0,1
27.311942563,0,0
27.312742312,0,1
27.313943812,0,0
27.314743562,0,1
27.315945062,0,0
27.316744813,0,1
27.317946312,0,0
27.318746000,0,1
27.319947500,0,0
27.320747250,0,1
27.321948750,0,0
27.322748500,0,1
27.323950000,0,0
27.324749750,0,1
27.325951250,0,0
27.326750938,0,1
27.327952562,0,0
27.328752188,0,1
27.329953750,0,0
27.330753438,0,1
27.331954938,0,0
27.332754687,0,1
27.333956188,0,0
27.334755937,0,1
27.335957437,0,0
27.336757125,0,1
27.337958625,0,0
27.338758375,0,1
27.339959875,0,0
27.340759625,0,1
27.341961125,0,0
27.342760875,0,1
27.343962375,0,0
27.344762062,0,1
27.345963625,0,0
27.346763312,0,1
27.347964875,0,0
27.348764563,0,1
27.349966062,0,0
27.350765813,0,1
27.351967313,0,0
27.352767062,0,1
27.353968563,0,0
27.354768250,0,1
27.355969750,0,0
27.356769500,0,1
27.357971000,0,0
27.358770750,0,1
27.359972250,0,0
27.360772000,0,1
27.361973500,0,0
27.362773188,0,1
27.363974750,0,0
27.364774437,0,1
27.365975938,0,0
28.088715875,1,0
28.088715938,0,0
28.088747625,1,0
28.088747812,0,0
28.088748000,1,0
28.088748062,0,0
28.088748375,1,0
28.088748563,0,0
28.088807000,1,0
28.089586000,1,1
28.090987500,1,0
28.091587188,1,1
28.092988750,1,0
28.093588437,1,1
28.094990000,1,0
28.095589687,1,1
28.096991187,1,0
28.097590938,1,1
28.098992438,1,0
28.099592188,1,1
28.100993688,1,0
28.101593375,1,1
28.102994938,1,0
28.103594625,1,1
28.104996187,1,0
28.105595875,1,1
28.106997437,1,0
28.107597125,1,1
28.108998625,1,0
28.109598313,1,1
28.110999875,1,0
28.111599563,1,1
28.113001125,1,0
28.113600812,1,1
28.115002312,1,0
28.115602062,1,1
28.117003562,1,0
28.117603312,1,1
28.119004812,1,0
28.119604500,1,1
28.121006063,1,0
28.121605750,1,1
28.123007313,1,0
28.123607000,1,1
28.125008500,1,0
28.125608250,1,1
28.127009750,1,0
28.127609437,1,1
28.129011000,1,0
28.129610688,1,1
28.131012250,1,0
28.131611938,1,1
28.133013438,1,0
28.133613187,1,1
28.135014688,1,0
28.135614437,1,1
28.137015937,1,0
28.137615625,1,1
28.139017187,1,0
28.139616875,1,1
28.141018438,1,0
28.141618125,1,1
28.143019625,1,0
28.143619375,1,1
28.145020875,1,0
28.145620562,1,1
28.147022125,1,0
28.147621812,1,1
28.149023375,1,0
28.149623063,1,1
28.151024563,1,0
28.151624313,1,1
28.153025813,1,0
28.153625563,1,1
28.155027063,1,0
28.155626750,1,1
28.157028312,1,0
28.157628000,1,1
28.159029562,1,0
28.159629250,1,1
28.161030750,1,0
28.161630500,1,1
28.163032000,1,0
28.163631688,1,1
28.165033250,1,0
28.165632937,1,1
28.167034500,1,0
28.167634187,1,1
28.169035687,1,0
28.169635437,1,1
28.171036937,1,0
28.171636688,1,1
28.173038188,1,0
28.173637875,1,1
28.175039438,1,0
28.175639125,1,1
28.177040687,1,0
28.177640375,1,1
28.179041875,1,0
28.179641625,1,1
28.181043125,1,0
28.181642813,1,1
28.183044375,1,0
28.183644063,1,1
28.185045625,1,0
28.185645313,1,1
28.187046875,1,0
28.187646562,1,1
28.189048062,1,0
28.805090500,0,0
28.805937625,0,1
28.807539125,0,0
28.807938875,0,1
28.809540375,0,0
28.809940125,0,1
28.811541625,0,0
28.811941375,0,1
28.813542875,0,0
28.813942562,0,1
28.815544062,0,0
28.815943812,0,1
28.817545312,0,0
28.817945063,0,1
28.819546563,0,0
28.819946313,0,1
28.821547813,0,0
28.821947563,0,1
28.823549062,0,0
28.823948750,0,1
28.825550250,0,0
28.825950000,0,1
28.827551500,0,0
28.827951250,0,1
28.829552750,0,0
28.829952500,0,1
28.831554000,0,0
28.831953688,0,1
28.833555188,0,0
28.833954937,0,1
28.835556437,0,0
28.835956187,0,1
28.837557625,0,0
28.837957437,0,1
28.839558938,0,0
28.839958688,0,1
28.841560125,0,0
28.841959875,0,1
28.843561375,0,0
28.843961125,0,1
28.845562687,0,0
28.845962375,0,1
28.847563875,0,0
28.847963625,0,1
28.849565125,0,0
28.849964813,0,1
28.851566313,0,0
28.851966063,0,1
28.853567563,0,0
28.853967313,0,1
28.855568812,0,0
28.855968562,0,1
28.857570062,0,0
28.857969812,0,1
28.859571313,0,0
28.859971000,0,1
28.861572500,0,0
28.861972250,0,1
28.863573750,0,0
28.863973500,0,1
28.865575000,0,0
28.865974750,0,1
28.867576187,0,0
28.867975937,0,1
28.869577437,0,0
28.869977188,0,1
28.871578688,0,0
28.871978438,0,1
28.873579938,0,0
28.873979688,0,1
28.875581187,0,0
28.875980875,0,1
28.877582375,0,0
28.877982125,0,1
28.879583625,0,0
28.879983375,0,1
28.881584875,0,0
28.881984625,0,1
28.883586125,0,0
28.883985875,0,1
28.885587375,0,0
28.885987062,0,1
28.887588562,0,0
28.887988312,0,1
28.889589812,0,0
28.889989562,0,1
28.891591063,0,0
28.891990813,0,1
28.893592313,0,0
28.893992000,0,1
28.895593500,0,0
28.895993250,0,1
28.897594750,0,0
28.897994500,0,1
28.899596000,0,0
28.899995750,0,1
28.901597250,0,0
28.901997000,0,1
28.903598438,0,0
28.903998188,0,1
29.171048187,1,1
29.171068813,0,1
29.171771625,0,0
29.171971375,0,1
29.172225063,1,1
29.173772875,1,0
29.173972625,1,1
29.175774125,1,0
29.175973813,1,1
29.177775375,1,0
29.177975062,1,1
29.179776562,1,0
29.179976312,1,1
29.181777812,1,0
29.181977563,1,1
29.183779063,1,0
29.183978813,1,1
29.185780313,1,0
29.185980000,1,1
29.187781500,1,0
29.187981250,1,1
29.189782750,1,0
29.189982500,1,1
29.191784000,1,0
29.191983750,1,1
29.193785250,1,0
29.193984938,1,1
29.195786500,1,0
29.195986188,1,1
29.197787563,1,0
29.197987438,1,1
29.199788937,1,0
29.199988687,1,1
29.201790187,1,0
29.201989937,1,1
29.203791438,1,0
29.203991125,1,1
29.205792625,1,0
29.205992375,1,1
29.207793875,1,0
29.207993625,1,1
29.209795125,1,0
29.209994875,1,1
29.211796375,1,0
29.211996062,1,1
29.213797562,1,0
29.213997312,1,1
29.215798813,1,0
29.215998563,1,1
29.217800063,1,0
29.217999813,1,1
29.219801312,1,0
29.220001062,1,1
29.221802500,1,0
29.222002250,1,1
29.223803750,1,0
29.224003500,1,1
29.225805000,1,0
29.226004750,1,1
29.227806250,1,0
29.228006000,1,1
29.229807500,1,0
29.230007188,1,1
29.231808750,1,0
29.232008437,1,1
29.233809937,1,0
29.234009687,1,1
29.235811187,1,0
29.236010938,1,1
29.237812438,1,0
29.238012188,1,1
29.239813687,1,0
29.240013375,1,1
29.241814937,1,0
29.242014625,1,1
29.243816125,1,0
29.244015875,1,1
29.245817375,1,0
29.246017125,1,1
29.247818625,1,0
29.248018313,1,1
29.249819813,1,0
29.250019563,1,1
29.251821062,1,0
29.252020812,1,1
29.253822312,1,0
29.254022062,1,1
29.255823563,1,0
29.256023313,1,1
29.257824812,1,0
29.258024500,1,1
29.259826000,1,0
29.260025750,1,1
29.261827250,1,0
29.262027000,1,1
29.263828500,1,0
29.264028250,1,1
29.265829750,1,0
29.266029437,1,1
29.267831000,1,0
29.268030688,1,1
29.269832188,1,0
29.270031938,1,1
29.781502938,0,1
31.380577563,1,1
32.230156625,0,1
32.231320438,0,0
32.233120125,0,1
32.233321688,0,0
32.235121375,0,1
32.235322938,0,0
32.237122562,0,1
32.237324125,0,0
32.239123812,0,1
32.239325375,0,0
32.241125062,0,1
32.241326625,0,0
32.243126313,0,1
32.243327875,0,0
32.245127563,0,1
32.245329062,0,0
32.247128750,0,1
32.247330312,0,0
32.249130000,0,1
32.249331562,0,0
32.251131250,0,1
32.251332813,0,0
32.253132500,0,1
32.253334063,0,0
32.255133687,0,1
32.255335250,0,0
32.257134937,0,1
32.257336500,0,0
32.259136187,0,1
32.259337750,0,0
32.261137437,0,1
32.261339000,0,0
32.263138688,0,1
32.263340187,0,0
32.265139875,0,1
32.265341437,0,0
32.267141125,0,1
32.267342687,0,0
32.269142375,0,1
32.269343937,0,0
32.271143625,0,1
32.271345188,0,0
32.273144813,0,1
32.273346375,0,0
32.275146062,0,1
32.275347625,0,0
32.277147312,0,1
32.277348875,0,0
32.279148562,0,1
32.279350063,0,0
32.281149812,0,1
32.281351313,0,0
32.283151000,0,1
32.283352562,0,0
32.285152250,0,1
32.285353812,0,0
32.287153500,0,1
32.287355062,0,0
32.289154750,0,1
32.289356250,0,0
32.291155938,0,1
32.291357500,0,0
32.293157188,0,1
32.293358750,0,0
32.295158437,0,1
32.295360000,0,0
32.297159687,0,1
32.297361250,0,0
32.299160937,0,1
32.299362500,0,0
32.301162125,0,1
32.301363688,0,0
32.303163375,0,1
32.303364937,0,0
32.305164625,0,1
32.305366187,0,0
32.307165875,0,1
32.307367437,0,0
32.309167063,0,1
32.309368625,0,0
32.311168313,0,1
32.311369875,0,0
32.313169563,0,1
32.313371125,0,0
32.315170812,0,1
32.315372375,0,0
32.317172000,0,1
32.317373563,0,0
32.319173250,0,1
32.319374813,0,0
32.321174500,0,1
32.321376063,0,0
32.323175750,0,1
32.323377312,0,0
32.325177000,0,1
32.325378562,0,0
32.327178188,0,1
32.327379750,0,0
32.329179438,0,1
32.329381000,0,0
33.502412562,1,0
35.188500500,0,0
35.189467250,0,1
35.189868813,0,0
35.191468500,0,1
35.191870063,0,0
35.193469750,0,1
35.193871313,0,0
35.195471000,0,1
35.195872500,0,0
35.197472187,0,1
35.197873750,0,0
35.199473437,0,1
35.199875000,0,0
35.201474688,0,1
35.201876250,0,0
35.203475938,0,1
35.203877500,0,0
35.205477125,0,1
35.205878687,0,0
35.207478375,0,1
35.207879938,0,0
35.209479625,0,1
35.209881188,0,0
35.211480875,0,1
35.211882438,0,0
35.213482125,0,1
35.213883625,0,0
35.215483312,0,1
35.215884875,0,0
35.217484562,0,1
35.217886125,0,0
35.219485812,0,1
35.219887375,0,0
35.221487063,0,1
35.221888625,0,0
35.223488250,0,1
35.223889812,0,0
35.225489500,0,1
35.225891062,0,0
35.227490750,0,1
35.227892313,0,0
35.229492000,0,1
35.229893563,0,0
35.231493250,0,1
35.231894750,0,0
35.233494437,0,1
35.233896000,0,0
35.235495687,0,1
35.235897250,0,0
35.237496937,0,1
35.237898500,0,0
35.239498187,0,1
35.239899750,0,0
35.241499375,0,1
35.241901000,0,0
35.243500625,0,1
35.243902187,0,0
35.245501875,0,1
35.245903437,0,0
35.247503125,0,1
35.247904687,0,0
35.249504375,0,1
35.249905875,0,0
35.251505563,0,1
35.251907125,0,0
35.253506812,0,1
35.253908375,0,0
35.255508062,0,1
35.255909625,0,0
35.257509312,0,1
35.257910813,0,0
35.259510500,0,1
35.259912125,0,0
35.261511750,0,1
35.261913312,0,0
35.263513000,0,1
35.263914563,0,0
35.265514250,0,1
35.265915812,0,0
35.267515500,0,1
35.267917000,0,0
35.269516688,0,1
35.269918250,0,0
35.271517938,0,1
35.271919500,0,0
35.273519187,0,1
35.273920750,0,0
35.275520437,0,1
35.275922000,0,0
35.277521625,0,1
35.277923188,0,0
35.279522875,0,1
35.279924438,0,0
35.281524125,0,1
35.281925750,0,0
35.283525375,0,1
35.283926937,0,0
35.285526563,0,1
35.285928125,0,0
35.287527813,0,1
35.287929375,0,0
35.423088250,1,0
36.180169437,0,0
36.181165437,0,1
36.181767000,0,0
36.183166687,0,1
36.183768250,0,0
36.185167937,0,1
36.185769500,0,0
36.187169187,0,1
36.187770687,0,0
36.189170375,0,1
36.189771937,0,0
36.191171625,0,1
36.191773187,0,0
36.193172875,0,1
36.193774437,0,0
36.195174125,0,1
36.195775625,0,0
36.197175375,0,1
36.197776875,0,0
36.199176562,0,1
36.199778125,0,0
36.201177812,0,1
36.201779313,0,0
36.203179062,0,1
36.203780625,0,0
36.205180312,0,1
36.205781812,0,0
36.207181500,0,1
36.207783062,0,0
36.209182750,0,1
36.209784312,0,0
36.211184000,0,1
36.211785562,0,0
36.213185250,0,1
36.213786750,0,0
36.215186438,0,1
36.215788000,0,0
36.217187688,0,1
36.217789250,0,0
36.219188938,0,1
36.219790500,0,0
36.221190187,0,1
36.221791750,0,0
36.223191437,0,1
36.223792938,0,0
36.225192625,0,1
36.225794188,0,0
36.227193875,0,1
36.227795437,0,0
36.229195125,0,1
36.229796625,0,0
36.231196375,0,1
36.231797937,0,0
36.233197563,0,1
36.233799125,0,0
36.235198813,0,1
36.235800375,0,0
36.237200063,0,1
36.237801625,0,0
36.239201313,0,1
36.239802875,0,0
36.241202562,0,1
36.241804125,0,0
36.243203750,0,1
36.243805313,0,0
36.245205000,0,1
36.245806563,0,0
36.247206250,0,1
36.247807812,0,0
36.249207500,0,1
36.249809000,0,0
36.251208687,0,1
36.251810250,0,0
36.253209938,0,1
36.253811500,0,0
36.255211188,0,1
36.255812750,0,0
36.257212438,0,1
36.257814000,0,0
36.259213688,0,1
36.259815188,0,0
36.261214875,0,1
36.261816438,0,0
36.263216125,0,1
36.263817688,0,0
36.265217375,0,1
36.265818938,0,0
36.267218625,0,1
36.267820125,0,0
36.269219812,0,1
36.269821375,0,0
36.271221062,0,1
36.271822625,0,0
36.273222313,0,1
36.273823875,0,0
36.275223563,0,1
36.275825125,0,0
36.277224813,0,1
36.277826312,0,0
36.279226000,0,1
36.279827563,0,0
36.312794938,1,0
36.312796312,0,0
36.312796500,1,0
36.313821688,1,1
36.314623250,1,0
36.315822938,1,1
36.316624500,1,0
36.317824188,1,1
36.318625750,1,0
36.319825438,1,1
36.320627000,1,0
36.321826625,1,1
36.322628188,1,0
36.323827875,1,1
36.324629438,1,0
36.325829125,1,1
36.326630687,1,0
36.327830375,1,1
36.328631937,1,0
36.329831625,1,1
36.330633187,1,0
36.331832812,1,1
36.332634375,1,0
36.333834063,1,1
36.334635625,1,0
36.335835313,1,1
36.336636875,1,0
36.337836563,1,1
36.338638125,1,0
36.339837750,1,1
36.340639313,1,0
36.341839000,1,1
36.342640563,1,0
36.343840250,1,1
36.344641813,1,0
36.345841500,1,1
36.346643063,1,0
36.347842750,1,1
36.348644250,1,0
36.349843937,1,1
36.350645500,1,0
36.351845187,1,1
36.352646750,1,0
36.353846438,1,1
36.354648000,1,0
36.355847688,1,1
36.356649250,1,0
36.357848875,1,1
36.358650438,1,0
36.359850125,1,1
36.360651688,1,0
36.361851375,1,1
36.362652938,1,0
36.363852625,1,1
36.364654188,1,0
36.365853875,1,1
36.366655375,1,0
36.367855062,1,1
36.368656625,1,0
36.369856312,1,1
36.370657875,1,0
36.371857562,1,1
36.372659125,1,0
36.373858813,1,1
36.374660375,1,0
36.375860000,1,1
36.376661562,1,0
36.377861250,1,1
36.378662812,1,0
36.379862500,1,1
36.380664063,1,0
36.381863750,1,1
36.382665313,1,0
36.383865000,1,1
36.384666500,1,0
36.385866187,1,1
36.386667750,1,0
36.387867437,1,1
36.388669000,1,0
36.389868687,1,1
36.390670250,1,0
36.391869937,1,1
36.392671500,1,0
36.393871125,1,1
36.394672687,1,0
36.395872375,1,1
36.396673937,1,0
36.397873625,1,1
36.398675187,1,0
36.399874875,1,1
36.400676438,1,0
36.401876125,1,1
36.402677625,1,0
36.403877313,1,1
36.404678875,1,0
36.405878562,1,1
36.406680125,1,0
36.407879812,1,1
36.408681375,1,0
36.409881062,1,1
36.410682625,1,0
36.411882250,1,1
36.412683812,1,0
38.756352000,1,0
